id;name;surname;hired_date;jhi_desc;phone;login;password;target;active
1;Jan;Kowalski;2020-09-21;robust Kip;1-284-415-7076;Lead;open-source West Virginia;82368;true
2;Karol;Nowak;2020-09-21;Planner COM;428-378-1056 x39463;action-items navigate;leverage Gorgeous Cotton Cheese;87361;false
3;Michał;Wrzesień;2020-09-20;Puerto Rico;(193) 012-5671;SCSI;payment;69019;false
4;Marian;Walec;2020-09-21;alarm Wyoming;1-824-717-3761;invoice pricing structure;Grocery sexy;97503;false
5;Stefan;Augustyński;2020-09-21;Regional Re-contextualized;(242) 503-4157;withdrawal e-markets;Health multi-byte;79047;false
6;Gabriel;Życzyński;2020-09-20;Consultant;1-065-169-9082 x74437;access XML withdrawal;Branding Towels;8344;false
7;Janusz;Kwiatkowski;2020-09-21;Auto Loan Account;1-507-049-9492;payment Managed;upward-trending Savings Account;21967;true
8;Stanisław;Winkler;2020-09-21;invoice Baby transition;536-005-9079 x072;paradigm feed Investment Account;digital Steel;62942;true
9;Wiesław;Wszywka;2020-09-20;PCI;884-462-3761 x80722;networks;red;50217;true
10;Bogdan;Maj;2020-09-20;digital Gloves Plastic;(103) 602-9568;backing up copying Incredible;Concrete Infrastructure panel;40180;true